INSERT INTO tbl_movies (title, release_year, director, runtime_minutes, rating) VALUES
('The Matrix', 1999, 'Lana Wachowski', 136, 'R'),
('Goodfellas', 1990, 'Martin Scorsese', 145, 'R'),
('The Lion King', 1994, 'Roger Allers', 88, 'G'),
('The Silence of the Lambs', 1991, 'Jonathan Demme', 118, 'R'),
('Seven Samurai', 1954, 'Akira Kurosawa', 207, 'Not Rated'),
('Saving Private Ryan', 1998, 'Steven Spielberg', 169, 'R'),
('La La Land', 2016, 'Damien Chazelle', 128, 'PG-13'),
('Alien', 1979, 'Ridley Scott', 117, 'R'),
('The Prestige', 2006, 'Christopher Nolan', 130, 'PG-13'),
('Whiplash', 2014, 'Damien Chazelle', 106, 'R'),
('The Grand Budapest Hotel', 2014, 'Wes Anderson', 99, 'R'),
('Spider-Man: Into the Spider-Verse', 2018, 'Peter Ramsey', 117, 'PG'),
('Jurassic Park', 1993, 'Steven Spielberg', 127, 'PG-13'),
('Fight Club', 1999, 'David Fincher', 139, 'R'),
('The Truman Show', 1998, 'Peter Weir', 103, 'PG'),
('No Country for Old Men', 2007, 'Joel Coen', 122, 'R'),
('Eternal Sunshine of the Spotless Mind', 2004, 'Michel Gondry', 108, 'R'),
('Jaws', 1975, 'Steven Spielberg', 124, 'PG'),
('The Departed', 2006, 'Martin Scorsese', 151, 'R'),
('12 Angry Men', 1957, 'Sidney Lumet', 96, 'Approved');

INSERT INTO tbl_movie_genres (movie_id, genre_id) VALUES
(14, 1), (14, 2),
(15, 3), (15, 4),
(16, 10), (16, 11), (16, 18),
(17, 4), (17, 5), (17, 7),
(18, 2), (18, 3),
(19, 3), (19, 16),
(20, 3), (20, 8), (20, 18),
(21, 1), (21, 7),
(22, 3), (22, 5), (22, 12),
(23, 3), (23, 18),
(24, 6), (24, 11),
(25, 10), (25, 1), (25, 2),
(26, 11), (26, 1),
(27, 3), (27, 5),
(28, 3), (28, 6), (28, 1),
(29, 4), (29, 5), (29, 17),
(30, 3), (30, 8), (30, 1),
(31, 11), (31, 5),
(32, 4), (32, 5), (32, 3),
(33, 3), (33, 4);

INSERT INTO tbl_posters (movie_id, image_url, tagline, poster_type, primary_color) VALUES
(14, 'https://img.com/matrix.jpg', 'Free your mind.', 'Main', '#003B00'),
(15, 'https://img.com/goodfellas.jpg', 'As far back as I can remember, I always wanted to be a gangster.', 'Main', '#000000'),
(16, 'https://img.com/lionking.jpg', 'Life''s greatest adventure is finding your place in the Circle of Life.', 'Main', '#FFD700'),
(17, 'https://img.com/lambs.jpg', 'To enter the mind of a killer she must challenge the mind of a madman.', 'Teaser', '#FFFFFF'),
(18, 'https://img.com/samurai.jpg', 'The Magnificent Seven!', 'Vintage', '#C0C0C0'),
(19, 'https://img.com/ryan.jpg', 'The mission is a man.', 'Main', '#556B2F'),
(20, 'https://img.com/lalaland.jpg', 'Here''s to the fools who dream.', 'Main', '#4B0082'),
(21, 'https://img.com/alien.jpg', 'In space no one can hear you scream.', 'Main', '#000000'),
(22, 'https://img.com/prestige.jpg', 'Are you watching closely?', 'Main', '#1A0F0F'),
(23, 'https://img.com/whiplash.jpg', 'The road to greatness can take you to the edge.', 'Main', '#000000'),
(24, 'https://img.com/budapest.jpg', 'A lost world of luxury.', 'Main', '#FFB6C1'),
(25, 'https://img.com/spiderverse.jpg', 'Anyone can wear the mask.', 'Character', '#E30022'),
(26, 'https://img.com/jurassic.jpg', 'An adventure 65 million years in the making.', 'Main', '#FF0000'),
(27, 'https://img.com/fightclub.jpg', 'Mischief. Mayhem. Soap.', 'Main', '#DB7093'),
(28, 'https://img.com/truman.jpg', 'On the air. Unaware.', 'Teaser', '#87CEEB'),
(29, 'https://img.com/nocountry.jpg', 'There are no clean getaways.', 'Main', '#2F4F4F'),
(30, 'https://img.com/eternal.jpg', 'You can erase someone from your mind. Getting them out of your heart is another story.', 'Main', '#FF69B4'),
(31, 'https://img.com/jaws.jpg', 'Don''t go in the water.', 'Main', '#000080'),
(32, 'https://img.com/departed.jpg', 'Lies. Betrayal. Sacrifice. How far will you take it?', 'Main', '#800000'),
(33, 'https://img.com/angrymen.jpg', 'Life is in their hands. Death is on their minds.', 'Vintage', '#DCDCDC');