-- 2. SEED GENRES
INSERT INTO tbl_genres (genre_name) VALUES 
('Sci-Fi'), ('Action'), ('Drama'), ('Crime'), ('Thriller'),
('Comedy'), ('Horror'), ('Romance'), ('Fantasy'), ('Animation'), 
('Adventure'), ('Mystery'), ('Documentary'), ('Biography'), ('History'), 
('War'), ('Western'), ('Musical'), ('Family');

-- 3. SEED MOVIES
INSERT INTO tbl_movies (title, release_year, director, runtime_minutes, rating) VALUES 
('Inception', 2010, 'Christopher Nolan', 148, 'PG-13'),
('The Godfather', 1972, 'Francis Ford Coppola', 175, 'R'),
('The Dark Knight', 2008, 'Christopher Nolan', 152, 'PG-13'),
('Pulp Fiction', 1994, 'Quentin Tarantino', 154, 'R'),
('Spirited Away', 2001, 'Hayao Miyazaki', 125, 'PG'),
('Interstellar', 2014, 'Christopher Nolan', 169, 'PG-13'),
('Parasite', 2019, 'Bong Joon-ho', 132, 'R'),
('The Shining', 1980, 'Stanley Kubrick', 146, 'R'),
('Mad Max: Fury Road', 2015, 'George Miller', 120, 'R'),
('Forrest Gump', 1994, 'Robert Zemeckis', 142, 'PG-13'),
('Gladiator', 2000, 'Ridley Scott', 155, 'R'),
('Coco', 2017, 'Lee Unkrich', 105, 'PG'),
('Blade Runner 2049', 2017, 'Denis Villeneuve', 164, 'R');

-- 4. SEED JUNCTION TABLE (MOVIE-GENRE LINKS)
INSERT INTO tbl_movie_genres (movie_id, genre_id) VALUES 
(1, 1), (1, 2), (1, 5),
(2, 3), (2, 4),
(3, 2), (3, 4), (3, 5),
(4, 4), (4, 3),
(5, 10), (5, 11),
(6, 1), (6, 3),
(7, 5), (7, 6), (7, 3),
(8, 7),
(9, 2), (9, 11),
(10, 3), (10, 8),
(11, 2), (11, 11),
(12, 10), (12, 19),
(13, 1), (13, 12);

-- 5. SEED POSTERS
INSERT INTO tbl_posters (movie_id, image_url, tagline, poster_type, primary_color) VALUES 
(1, 'https://example.com/inception_main.jpg', 'Your mind is the scene of the crime.', 'Main', '#050A30'),
(1, 'https://example.com/inception_teaser.jpg', 'Dream within a dream.', 'Teaser', '#000000'),
(2, 'https://example.com/godfather_classic.jpg', 'An offer you can''t refuse.', 'Main', '#1A1A1A'),
(3, 'https://example.com/tdk_joker.jpg', 'Why so serious?', 'Character', '#3B0B0B'),
(3, 'https://example.com/tdk_batman.jpg', 'Welcome to a world without rules.', 'Main', '#0D1117'),
(4, 'https://img.com/pulp1.jpg', 'Girls like me don''t make invitations like this.', 'Main', '#E1AD01'),
(5, 'https://img.com/spirited.jpg', 'Nothing that happens is ever forgotten.', 'International', '#7BC4C4'),
(6, 'https://img.com/interstellar.jpg', 'Mankind was born on Earth. It was never meant to die here.', 'Main', '#010811'),
(7, 'https://img.com/parasite.jpg', 'Act like you own the place.', 'Teaser', '#2C2C2C'),
(8, 'https://img.com/shining.jpg', 'A masterpiece of modern horror.', 'Vintage', '#F9D71C'),
(9, 'https://img.com/madmax.jpg', 'What a lovely day.', 'Main', '#D2691E'),
(10, 'https://img.com/gump.jpg', 'The world will never be the same.', 'Main', '#FFFFFF'),
(11, 'https://img.com/gladiator.jpg', 'A Hero Will Rise.', 'Character', '#8B4513'),
(12, 'https://img.com/coco.jpg', 'The celebration of a lifetime.', 'Main', '#FF4500'),
(13, 'https://img.com/br2049.jpg', 'There are still pages left to be written.', 'Limited', '#FF00FF');
GO
INSERT INTO tbl_movies (title, release_year, director, runtime_minutes, rating) VALUES
('The Matrix', 1999, 'Lana Wachowski', 136, 'R'),
('Goodfellas', 1990, 'Martin Scorsese', 145, 'R'),
('The Lion King', 1994, 'Roger Allers', 88, 'G'),
('The Silence of the Lambs', 1991, 'Jonathan Demme', 118, 'R'),
('Seven Samurai', 1954, 'Akira Kurosawa', 207, 'Not Rated'),
('Saving Private Ryan', 1998, 'Steven Spielberg', 169, 'R'),
('La La Land', 2016, 'Damien Chazelle', 128, 'PG-13'),
('Alien', 1979, 'Ridley Scott', 117, 'R'),
('The Prestige', 2006, 'Christopher Nolan', 130, 'PG-13'),
('Whiplash', 2014, 'Damien Chazelle', 106, 'R'),
('The Grand Budapest Hotel', 2014, 'Wes Anderson', 99, 'R'),
('Spider-Man: Into the Spider-Verse', 2018, 'Peter Ramsey', 117, 'PG'),
('Jurassic Park', 1993, 'Steven Spielberg', 127, 'PG-13'),
('Fight Club', 1999, 'David Fincher', 139, 'R'),
('The Truman Show', 1998, 'Peter Weir', 103, 'PG'),
('No Country for Old Men', 2007, 'Joel Coen', 122, 'R'),
('Eternal Sunshine of the Spotless Mind', 2004, 'Michel Gondry', 108, 'R'),
('Jaws', 1975, 'Steven Spielberg', 124, 'PG'),
('The Departed', 2006, 'Martin Scorsese', 151, 'R'),
('12 Angry Men', 1957, 'Sidney Lumet', 96, 'Approved');

INSERT INTO tbl_movie_genres (movie_id, genre_id) VALUES
(14, 1), (14, 2),
(15, 3), (15, 4),
(16, 10), (16, 11), (16, 18),
(17, 4), (17, 5), (17, 7),
(18, 2), (18, 3),
(19, 3), (19, 16),
(20, 3), (20, 8), (20, 18),
(21, 1), (21, 7),
(22, 3), (22, 5), (22, 12),
(23, 3), (23, 18),
(24, 6), (24, 11),
(25, 10), (25, 1), (25, 2),
(26, 11), (26, 1),
(27, 3), (27, 5),
(28, 3), (28, 6), (28, 1),
(29, 4), (29, 5), (29, 17),
(30, 3), (30, 8), (30, 1),
(31, 11), (31, 5),
(32, 4), (32, 5), (32, 3),
(33, 3), (33, 4);

INSERT INTO tbl_posters (movie_id, image_url, tagline, poster_type, primary_color) VALUES
(14, 'https://img.com/matrix.jpg', 'Free your mind.', 'Main', '#003B00'),
(15, 'https://img.com/goodfellas.jpg', 'As far back as I can remember, I always wanted to be a gangster.', 'Main', '#000000'),
(16, 'https://img.com/lionking.jpg', 'Life''s greatest adventure is finding your place in the Circle of Life.', 'Main', '#FFD700'),
(17, 'https://img.com/lambs.jpg', 'To enter the mind of a killer she must challenge the mind of a madman.', 'Teaser', '#FFFFFF'),
(18, 'https://img.com/samurai.jpg', 'The Magnificent Seven!', 'Vintage', '#C0C0C0'),
(19, 'https://img.com/ryan.jpg', 'The mission is a man.', 'Main', '#556B2F'),
(20, 'https://img.com/lalaland.jpg', 'Here''s to the fools who dream.', 'Main', '#4B0082'),
(21, 'https://img.com/alien.jpg', 'In space no one can hear you scream.', 'Main', '#000000'),
(22, 'https://img.com/prestige.jpg', 'Are you watching closely?', 'Main', '#1A0F0F'),
(23, 'https://img.com/whiplash.jpg', 'The road to greatness can take you to the edge.', 'Main', '#000000'),
(24, 'https://img.com/budapest.jpg', 'A lost world of luxury.', 'Main', '#FFB6C1'),
(25, 'https://img.com/spiderverse.jpg', 'Anyone can wear the mask.', 'Character', '#E30022'),
(26, 'https://img.com/jurassic.jpg', 'An adventure 65 million years in the making.', 'Main', '#FF0000'),
(27, 'https://img.com/fightclub.jpg', 'Mischief. Mayhem. Soap.', 'Main', '#DB7093'),
(28, 'https://img.com/truman.jpg', 'On the air. Unaware.', 'Teaser', '#87CEEB'),
(29, 'https://img.com/nocountry.jpg', 'There are no clean getaways.', 'Main', '#2F4F4F'),
(30, 'https://img.com/eternal.jpg', 'You can erase someone from your mind. Getting them out of your heart is another story.', 'Main', '#FF69B4'),
(31, 'https://img.com/jaws.jpg', 'Don''t go in the water.', 'Main', '#000080'),
(32, 'https://img.com/departed.jpg', 'Lies. Betrayal. Sacrifice. How far will you take it?', 'Main', '#800000'),
(33, 'https://img.com/angrymen.jpg', 'Life is in their hands. Death is on their minds.', 'Vintage', '#DCDCDC');
GO
NSERT INTO tbl_movies (title, release_year, director, runtime_minutes, rating) VALUES
('The Green Mile', 1999, 'Frank Darabont', 189, 'R'),
('Schindler''s List', 1993, 'Steven Spielberg', 195, 'R'),
('Gladiator II', 2024, 'Ridley Scott', 148, 'R'),
('Oppenheimer', 2023, 'Christopher Nolan', 180, 'R'),
('Dune: Part Two', 2024, 'Denis Villeneuve', 166, 'PG-13'),
('The Shawshank Redemption', 1994, 'Frank Darabont', 142, 'R'),
('Inglourious Basterds', 2009, 'Quentin Tarantino', 153, 'R'),
('The Wolf of Wall Street', 2013, 'Martin Scorsese', 180, 'R'),
('Arrival', 2016, 'Denis Villeneuve', 116, 'PG-13'),
('Heat', 1995, 'Michael Mann', 170, 'R'),
('Seven', 1995, 'David Fincher', 127, 'R'),
('Your Name', 2016, 'Makoto Shinkai', 106, 'PG'),
('The Thing', 1982, 'John Carpenter', 109, 'R'),
('Back to the Future', 1985, 'Robert Zemeckis', 116, 'PG'),
('Princess Mononoke', 1997, 'Hayao Miyazaki', 134, 'PG-13'),
('Trainspotting', 1996, 'Danny Boyle', 94, 'R'),
('The Social Network', 2010, 'David Fincher', 120, 'PG-13'),
('Oldboy', 2003, 'Park Chan-wook', 120, 'R'),
('Blade Runner', 1982, 'Ridley Scott', 117, 'R'),
('Requiem for a Dream', 2000, 'Darren Aronofsky', 102, 'R'),
('Toy Story', 1995, 'John Lasseter', 81, 'G'),
('Get Out', 2017, 'Jordan Peele', 104, 'R'),
('Logan', 2017, 'James Mangold', 137, 'R'),
('The Sixth Sense', 1999, 'M. Night Shyamalan', 107, 'PG-13'),
('Terminator 2: Judgment Day', 1991, 'James Cameron', 137, 'R'),
('1917', 2019, 'Sam Mendes', 119, 'R'),
('Snatch', 2000, 'Guy Ritchie', 102, 'R'),
('American Psycho', 2000, 'Mary Harron', 102, 'R'),
('The Big Lebowski', 1998, 'Joel Coen', 117, 'R'),
('Memento', 2000, 'Christopher Nolan', 113, 'R');

INSERT INTO tbl_movie_genres (movie_id, genre_id) VALUES
(34, 3), (34, 4), (34, 9),
(35, 3), (35, 14), (35, 15),
(36, 2), (36, 3), (36, 11),
(37, 3), (37, 14), (37, 15),
(38, 1), (38, 2), (38, 11),
(39, 3), (39, 4),
(40, 2), (40, 3), (40, 16),
(41, 3), (41, 4), (41, 6),
(42, 1), (42, 3), (42, 12),
(43, 2), (43, 4), (43, 5),
(44, 4), (44, 5), (44, 12),
(45, 10), (45, 3), (45, 8),
(46, 7), (46, 1), (46, 12),
(47, 11), (47, 1), (47, 6),
(48, 10), (48, 2), (48, 9),
(49, 3), (49, 4), (49, 6),
(50, 3), (50, 14),
(51, 2), (51, 3), (51, 12),
(52, 1), (52, 5),
(53, 3), (53, 5),
(54, 10), (54, 11), (54, 6),
(55, 7), (55, 12),
(56, 2), (56, 3), (56, 1),
(57, 3), (57, 5), (57, 12),
(58, 2), (58, 1), (58, 5),
(59, 16), (59, 3), (59, 15),
(60, 4), (60, 6),
(61, 4), (61, 3), (61, 7),
(62, 6), (62, 4),
(63, 12), (63, 5);

INSERT INTO tbl_posters (movie_id, image_url, tagline, poster_type, primary_color) VALUES
(34, 'https://img.com/greenmile.jpg', 'Miracles happen in unexpected places.', 'Main', '#1B3022'),
(35, 'https://img.com/schindler.jpg', 'Whoever saves one life, saves the world entire.', 'Main', '#000000'),
(36, 'https://img.com/gladiator2.jpg', 'Prepare for war.', 'Main', '#8B0000'),
(37, 'https://img.com/oppy.jpg', 'The world forever changes.', 'Main', '#FF4500'),
(38, 'https://img.com/dune2.jpg', 'Long live the fighters.', 'Main', '#DAA520'),
(39, 'https://img.com/shawshank.jpg', 'Fear can hold you prisoner. Hope can set you free.', 'Main', '#2C3E50'),
(40, 'https://img.com/basterds.jpg', 'If you are a Nazi, you are going to die.', 'Main', '#FFD700'),
(41, 'https://img.com/wolfwall.jpg', 'Work hard. Play harder.', 'Main', '#FFFF00'),
(42, 'https://img.com/arrival.jpg', 'Why are they here?', 'Main', '#708090'),
(43, 'https://img.com/heat.jpg', 'A Los Angeles Crime Saga.', 'Main', '#00008B'),
(44, 'https://img.com/seven.jpg', 'Seven deadly sins. Seven ways to die.', 'Main', '#2A2A2A'),
(45, 'https://img.com/yourname.jpg', 'I am looking for you, whom I have never met.', 'Main', '#87CEFA'),
(46, 'https://img.com/thing.jpg', 'Man is the warmest place to hide.', 'Main', '#E0FFFF'),
(47, 'https://img.com/bttf.jpg', 'He was never in time for his classes...', 'Main', '#FFA500'),
(48, 'https://img.com/mononoke.jpg', 'The Fate Of The World Rests On The Courage Of One Warrior.', 'Main', '#228B22'),
(49, 'https://img.com/trainspotting.jpg', 'Choose life.', 'Main', '#FF4500'),
(50, 'https://img.com/socialnet.jpg', 'You don''t get to 500 million friends without making a few enemies.', 'Main', '#FFFFFF'),
(51, 'https://img.com/oldboy.jpg', '15 years of imprisonment, 5 days of vengeance.', 'Main', '#800000'),
(52, 'https://img.com/bladerunner.jpg', 'The sky was the color of television, tuned to a dead channel.', 'Main', '#000080'),
(53, 'https://img.com/requiem.jpg', 'A story about the search for happiness.', 'Main', '#778899'),
(54, 'https://img.com/toystory.jpg', 'To infinity and beyond!', 'Main', '#1E90FF'),
(55, 'https://img.com/getout.jpg', 'Just because you''re invited, doesn''t mean you''re welcome.', 'Main', '#000000'),
(56, 'https://img.com/logan.jpg', 'His time has come.', 'Main', '#3E2723'),
(57, 'https://img.com/sixthsense.jpg', 'I see dead people.', 'Main', '#0D0D0D'),
(58, 'https://img.com/t2.jpg', 'It''s nothing personal.', 'Main', '#C0C0C0'),
(59, 'https://img.com/1917.jpg', 'Time is the enemy.', 'Main', '#556B2F'),
(60, 'https://img.com/snatch.jpg', 'Stealin'' Stones and Breakin'' Bones.', 'Main', '#B22222'),
(61, 'https://img.com/psycho.jpg', 'Killer looks.', 'Main', '#FFFFFF'),
(62, 'https://img.com/lebowski.jpg', 'The Dude abides.', 'Main', '#8B4513'),
(63, 'https://img.com/memento.jpg', 'Some memories are best forgotten.', 'Main', '#F5F5F5');
GO
